<?xml version="1.0" encoding="UTF-8"?>
<!--
 Copyright (c) 2019 SAP SE or an SAP affiliate company. All rights reserved.
-->
<beans xmlns="http://www.springframework.org/schema/beans"
       xmlns:xsi="http://www.w3.org/2001/XMLSchema-instance"
       xmlns:context="http://www.springframework.org/schema/context"
       xmlns:util="http://www.springframework.org/schema/util"
       xsi:schemaLocation="http://www.springframework.org/schema/beans
       http://www.springframework.org/schema/beans/spring-beans.xsd
       http://www.springframework.org/schema/context
           http://www.springframework.org/schema/context/spring-context.xsd http://www.springframework.org/schema/util http://www.springframework.org/schema/util/spring-util.xsd">

    <context:annotation-config/>

    <!-- Spring Integration -->
    <import resource="classpath:/novalnetcore/integration/hot-folder-store-electronics-spring.xml"/>
    <import resource="classpath:/novalnetcore/integration/hot-folder-store-apparel-spring.xml"/>
    <import resource="classpath:/novalnetcore/integration/hot-folder-common-spring.xml"/>
    
	<bean id="novalnetcoreSystemSetup" parent="abstractCoreSystemSetup" class="de.hybris.novalnet.core.setup.NovalnetcoreSystemSetup">
    </bean>
    <bean id="novalnetOrderCancelPaymentServiceAdapter" class="de.hybris.novalnet.core.service.NovalnetOrderCancelPaymentServiceAdapter">
        <property name="paymentService" ref="paymentService" />
        <property name="modelService" ref="modelService" />
        <property name="calculationService" ref="calculationService" />
    </bean>



</beans>
