<?xml version="1.0" encoding="UTF-8" standalone="no"?>
<!--
 Copyright (c) 2019 SAP SE or an SAP affiliate company. All rights reserved.
-->
<project name="novalnetbackoffice_buildcallbacks">

    <property name="novalnetbackofficeWebFragmentSrc"
              value="${ext.novalnetbackoffice.path}/resources/web-fragment.xml"/>

    <property name="novalnetbackofficeWebFragmentDestJar"
              value="${ext.backoffice.path}/web/webroot/WEB-INF/lib/webfragmentExt_novalnetbackoffice.jar"/>

    <macrodef name="novalnetbackoffice_after_clean">

        <sequential>

            <novalnetbackoffice_remove_web_fragment/>

        </sequential>

    </macrodef>

    <macrodef name="novalnetbackoffice_after_build">

        <sequential>

            <novalnetbackoffice_remove_web_fragment/>

            <novalnetbackoffice_create_web_fragment/>

        </sequential>

    </macrodef>

    <macrodef name="novalnetbackoffice_remove_web_fragment">

        <sequential>

            <if>

                <available file="${novalnetbackofficeWebFragmentDestJar}"/>

                <then>

                    <delete file="${novalnetbackofficeWebFragmentDestJar}"/>

                </then>

            </if>

        </sequential>

    </macrodef>

    <macrodef name="novalnetbackoffice_create_web_fragment">

        <sequential>

            <if>

                <available file="${novalnetbackofficeWebFragmentSrc}"/>

                <then>

                    <sequential>

                        <jar destfile="${novalnetbackofficeWebFragmentDestJar}">

                            <metainf file="${novalnetbackofficeWebFragmentSrc}"/>

                        </jar>

                    </sequential>

                </then>

            </if>

        </sequential>

    </macrodef>

    <patternset id="novalnetbackoffice.localization.pattern">

        <!-- core and hmc  -->

        <include name="**/*locales*_en.properties"/>

        <exclude name="**/hmc/web/webroot/WEB-INF/classes/**/*"/>

        <exclude name="**/unittest/**/*"/>

        <!-- cockpit (ng) -->

        <include name="**/i3-label_en.properties"/>

        <include name="**/labels_en.properties"/>

        <!-- messages -->

        <include name="**/*messages_en.properties"/>

        <include name="**/*messages.properties"/>

        <!-- frontend properties files in WEB-INF/messages folder -->

        <include name="**/WEB-INF/messages/*_en.properties"/>

        <!-- csv and impex -->

        <include name="**/*_en.csv"/>

        <include name="**/*_en.impex"/>

        <include name="**/lang-en.properties"/>

        <!-- email localizations from yacceleratorcore -->

        <include name="resources/**/messages/*_en.properties"/>

        <!-- include validation messages -->

        <include name="resources/**/ValidationMessages.properties"/>

    </patternset>

    <!--
        <macrodef name="novalnetbackoffice_before_build">

            <sequential>

                <register_sass_extension extensionname="novalnetbackoffice"/>

                <register_sass_extension destination="" extensionname="novalnetbackoffice" resources="resources"/>

            </sequential>

        </macrodef>
    -->

</project>
