<?xml version="1.0" encoding="ISO-8859-1"?>
<!--
 Copyright (c) 2020 SAP SE or an SAP affiliate company. All rights reserved.
-->
<!--
	ATTENTION: This is just an example file. You have to edit it according to your needs.
-->

<beans xmlns:xsi="http://www.w3.org/2001/XMLSchema-instance" xsi:noNamespaceSchemaLocation="beans.xsd">

	<!--
		Example Data POJO
	
	<bean class="yemptypackage.data.MyPojo">
		<property name="id" type="String"/>
		<property name="flag" type="boolean"/>
	</bean>
	-->
	
	<bean class="novalnet.dto.payment.NnResponseWsDTO">
        <property name="redirectURL" type="String">
            <description>URL for the external payments</description>
        </property>
    </bean>

    <bean class="novalnet.dto.payment.NnConfigWsDTO">
        <property name="novalnetClienKey" type="String">
            <description>Key to load the CreditCard Iframe</description>
        </property>
        <property name="paymentinfo" type="novalnet.dto.payment.NnPaymentWsDTO">
            <description>Payment Configurations</description>
        </property>
    </bean>

    <bean class="novalnet.dto.payment.NnPaymentWsDTO">
        <property name="novalnetCreditCard" type="novalnet.dto.payment.NnCreditCardWsDTO">
            <description>Novalnet CreditCard Configuration</description>
        </property>
        <property name="novalnetDirectDebitSepa" type="novalnet.dto.payment.NnDirectDebitSepaWsDTO">
            <description>Novalnet DirectDebit SEPA Configuration</description>
        </property>
        <property name="novalnetPayPal" type="novalnet.dto.payment.NnPayPalWsDTO">
            <description>Novalnet PayPal Configuration</description>
        </property>
    </bean>
    
    <bean class="novalnet.dto.payment.NnCreditCardWsDTO">
        <property name="active" type="Boolean">
            <description>Specify wether payment is active or not</description>
        </property>
    </bean>

    <bean class="novalnet.dto.payment.NnDirectDebitSepaWsDTO">
        <property name="active" type="Boolean">
            <description>Specify wether payment is active or not</description>
        </property>
    </bean>

    <bean class="novalnet.dto.payment.NnPayPalWsDTO">
        <property name="active" type="Boolean">
            <description>Specify wether payment is active or not</description>
        </property>
    </bean>

    <bean class="novalnet.dto.payment.NnPaymentDetailsWsDTO">
        <property name="status" type="String">
            <description>Transaction Status</description>
        </property>
        <property name="comments" type="String">
            <description>Transaction Comments</description>
        </property>
    </bean>
    

</beans>
