<?xml version="1.0" encoding="UTF-8"?>
<!--
 Copyright (c) 2019 SAP SE or an SAP affiliate company. All rights reserved.
-->
<beans xmlns="http://www.springframework.org/schema/beans"
	xmlns:xsi="http://www.w3.org/2001/XMLSchema-instance"
	xmlns:context="http://www.springframework.org/schema/context"
	xsi:schemaLocation="http://www.springframework.org/schema/beans
           http://www.springframework.org/schema/beans/spring-beans.xsd
           http://www.springframework.org/schema/context
           http://www.springframework.org/schema/context/spring-context.xsd">
           
    <context:annotation-config/>

	<!-- Order Process Actions -->

<!--
	<bean id="checkOrderAction" class="de.hybris.novalnet.fulfilmentprocess.actions.order.CheckOrderAction"  parent="abstractAction">
		<property name="checkOrderService" ref="checkOrderService"/>
	</bean>
-->
    <bean id="novalnetProcessOrderCancellationAction" class="de.hybris.novalnet.fulfilmentprocess.actions.order.cancel.NovalnetProcessOrderCancellationAction" parent="abstractAction">
        <property name="orderCancelCallbackService" ref="orderCancelCallbackService"/>
	    <property name="orderCancelService" ref="orderCancelService"/>
		<property name="calculationService" ref="calculationService" />
		<property name="impersonationService" ref="impersonationService"/>
		<property name="promotionsService" ref="promotionsService"/>
		<property name="timeService" ref="timeService"/>
    </bean>

</beans>
