<?xml version="1.0" encoding="UTF-8"?>
<!--
 Copyright (c) 2019 SAP SE or an SAP affiliate company. All rights reserved.
-->
<beans xmlns="http://www.springframework.org/schema/beans"
	xmlns:xsi="http://www.w3.org/2001/XMLSchema-instance"
	xmlns:context="http://www.springframework.org/schema/context"
	xsi:schemaLocation="http://www.springframework.org/schema/beans
    http://www.springframework.org/schema/beans/spring-beans.xsd
    http://www.springframework.org/schema/context
    http://www.springframework.org/schema/context/spring-context.xsd">
           
    <context:annotation-config/> 

	<!-- Listeners -->
	
<!--
	<bean id="pickupConfirmationEventListener" class="de.hybris.novalnet.fulfilmentprocess.listeners.PickupConfirmationEventListener" parent="abstractEventListener">
		<property name="businessProcessService" ref="businessProcessService"/>
	</bean>
-->
	
	<!-- Process Adapters -->

<!--
	<alias name="mockProcess2WarehouseAdapter" alias="process2WarehouseAdapter"/>
	<bean id="mockProcess2WarehouseAdapter" class="de.hybris.novalnet.fulfilmentprocess.warehouse.MockProcess2WarehouseAdapter" >
		<property name="modelService" ref="modelService"/>
		<property name="warehouse2ProcessAdapter" ref="warehouse2ProcessAdapter"/>
		<property name="timeService" ref="timeService"/>
	</bean>
-->
	
<!--
	<alias name="novalnetProcessOrderCancellationAction" alias="novalnetProcessOrderCancellationAction"/>
-->
<!--
    <bean id="novalnetProcessOrderCancellationAction" class="de.hybris.novalnet.fulfilmentprocess.actions.order.cancel.NovalnetProcessOrderCancellationAction"
        parent="processOrderCancellationAction">
        <property name="orderCancelCallbackService" ref="orderCancelCallbackService"/>
        <property name="orderCancelService" ref="orderCancelService"/>
-->
<!--
        <property name="wirecardPOExecutionService" ref="wirecardPaymentOperationExecution"/>
-->
<!--
    </bean>
-->

<!--
	<alias name="defaultWarehouse2ProcessAdapter" alias="warehouse2ProcessAdapter"/>
	<bean id="defaultWarehouse2ProcessAdapter" class="de.hybris.novalnet.fulfilmentprocess.warehouse.DefaultWarehouse2ProcessAdapter" >
		<property name="modelService" ref="modelService"/>
		<property name="statusMap">
			<map key-type="de.hybris.platform.warehouse.WarehouseConsignmentStatus" value-type="de.hybris.platform.commerceservices.enums.WarehouseConsignmentState">
				<entry key="CANCEL" value="CANCEL"/>
				<entry key="COMPLETE" value="COMPLETE"/>
				<entry key="PARTIAL" value="PARTIAL"/>
			</map>
		</property>
		<property name="businessProcessService" ref="businessProcessService"/>
	</bean>
-->
	
	<!-- Process Definitions -->

<!--
	<bean id="orderProcessDefinitionResource" class="de.hybris.platform.processengine.definition.ProcessDefinitionResource" >
		<property name="resource" value="classpath:/novalnetfulfilmentprocess/process/order-process.xml"/>
	</bean>

	<bean id="consignmentProcessDefinitionResource" class="de.hybris.platform.processengine.definition.ProcessDefinitionResource" >
		<property name="resource" value="classpath:/novalnetfulfilmentprocess/process/consignment-process.xml"/>
	</bean>

	<bean id="returnProcessDefinitionResource" class="de.hybris.platform.processengine.definition.ProcessDefinitionResource" >
		<property name="resource" value="classpath:/novalnetfulfilmentprocess/process/return-process.xml"/>
	</bean>
-->

	<!-- Process Actions -->

	<import resource="/novalnetfulfilmentprocess/process/order-process-spring.xml"/>
<!--
	<import resource="/novalnetfulfilmentprocess/process/consignment-process-spring.xml"/>
-->
<!--
	<import resource="/novalnetfulfilmentprocess/process/return-process-spring.xml"/>
-->

	<!-- Order Check Service -->
	<!-- Performs some basic validation for the order as part of the first stage of the process. -->

<!--
	<alias name="defaultCheckOrderService" alias="checkOrderService"/>
	<bean id="defaultCheckOrderService" class="de.hybris.novalnet.fulfilmentprocess.impl.DefaultCheckOrderService" />
-->
	
	<!-- Order Splitting -->
<!--
	<alias name="novalnetfulfilmentprocessOrderSplittingService" alias="orderSplittingService"/>
	<bean id="novalnetfulfilmentprocessOrderSplittingService" parent="defaultOrderSplittingService" >
		<property name="strategiesList">
			<list>
				<ref bean="splitByAvailableCount"/>
				<ref bean="splitByDeliveryMode" />
				<ref bean="splitByPoS" />
				<ref bean="splitByNamedDeliveryDate" />
				<ref bean="splitByEntryDeliveryAddress" />
				<ref bean="splitByWarehouse" />
			</list>
		</property>
	</bean>
-->
	
	<!-- Split Strategies -->
	
<!--
	<alias name="defaultSplitByPoS" alias="splitByPoS"/>
	<bean id="defaultSplitByPoS" class="de.hybris.novalnet.fulfilmentprocess.strategy.impl.SplitByPoS" />
	
	<alias name="defaultSplitByEntryDeliveryAddress" alias="splitByEntryDeliveryAddress"/>
	<bean id="defaultSplitByEntryDeliveryAddress" class="de.hybris.novalnet.fulfilmentprocess.strategy.impl.SplitByEntryDeliveryAddress"  />
	
	<alias name="defaultSplitByDeliveryMode" alias="splitByDeliveryMode"/>
	<bean id="defaultSplitByDeliveryMode" class="de.hybris.novalnet.fulfilmentprocess.strategy.impl.SplitByDeliveryMode" >
		<property name="pickupDeliveryModeDao" ref="pickupDeliveryModeDao"/>
	</bean>
	
	<alias name="defaultSplitByAvailableCount" alias="splitByAvailableCount"/>
	<bean id="defaultSplitByAvailableCount" class="de.hybris.novalnet.fulfilmentprocess.strategy.impl.SplitByAvailableCount" >
		<property name="commerceStockService" ref="commerceStockService"/>
	</bean>
	
	<alias name="defaultSplitByWarehouse" alias="splitByWarehouse"/>
	<bean id="defaultSplitByWarehouse" class="de.hybris.novalnet.fulfilmentprocess.strategy.impl.SplitByWarehouse">
		<property name="stockService" ref="stockService"/>
		<property name="commerceAvailabilityCalculationStrategy" ref="commerceStockLevelCalculationStrategy"/>
	</bean>
-->
	
	<!--  Jobs -->
	
<!--
	<bean id="cleanUpFraudOrderJob" class="de.hybris.novalnet.fulfilmentprocess.jobs.CleanUpFraudOrderJob"  >
		<property name="modelService" ref="modelService"/>
		<property name="flexibleSearchService" ref="flexibleSearchService"/>
		<property name="businessProcessService" ref="businessProcessService"/>
		<property name="sessionService" ref="sessionService"/>
	</bean>
-->

	<alias name="novalnetImmediateCancelRequestExecutor" alias="immediateCancelRequestExecutor"/>
    <bean id="novalnetImmediateCancelRequestExecutor"
          class="de.hybris.platform.ordercancel.impl.executors.ImmediateCancelRequestExecutor"
          scope="prototype">
        <property name="modelService" ref="modelService"/>
        <property name="orderCancelRecordsHandler" ref="orderCancelRecordsHandler"/>
        <property name="completeCancelStatusChangeStrategy" ref="setCancellledStrategy"/>
        <property name="paymentServiceAdapter" ref="novalnetOrderCancelPaymentServiceAdapter"/>
    </bean>

</beans>
