<?xml version="1.0" encoding="ISO-8859-1"?>
<!--
 Copyright (c) 2020 SAP SE or an SAP affiliate company. All rights reserved.
-->
<!--
	ATTENTION: This is just an example file. You have to edit it according to your needs.
-->

<beans xmlns:xsi="http://www.w3.org/2001/XMLSchema-instance" xsi:noNamespaceSchemaLocation="beans.xsd">

	<!--
		Example Data POJO
	
	<bean class="yemptypackage.data.MyPojo">
		<property name="id" type="String"/>
		<property name="flag" type="boolean"/>
	</bean>
	-->
	
	 <bean class="de.hybris.platform.commercewebservicescommons.dto.order.PaymentDetailsWsDTO">
        <property name="novalnetPanHash" type="String" />
        <property name="novalnetUniqId" type="String" />
        <property name="novalnetBillingAddress" type="de.hybris.platform.commercewebservicescommons.dto.user.AddressWsDTO"/>
    </bean>

    <bean class="de.hybris.platform.commercewebservicescommons.dto.order.AbstractOrderWsDTO">
        <property name="titleCode" type="String" />
        <property name="firstName" type="String" />
        <property name="lastName" type="String" />
        <property name="line1" type="java.util.Date" />
        <property name="line2" type="java.util.Date" />
        <property name="postalCode" type="String" />
        <property name="town" type="java.math.BigDecimal" />
        <property name="region" type="de.hybris.platform.commercewebservicescommons.dto.user.RegionWsDTO" />
        <property name="country" type="de.hybris.platform.commercewebservicescommons.dto.user.CountryWsDTO" />
    </bean>
    
    

</beans>
