<?xml version="1.0" encoding="UTF-8"?>
<!--
 Copyright (c) 2020 SAP SE or an SAP affiliate company. All rights reserved.
-->
<beans xmlns="http://www.springframework.org/schema/beans"
       xmlns:xsi="http://www.w3.org/2001/XMLSchema-instance"
       xmlns:context="http://www.springframework.org/schema/context"
       xsi:schemaLocation="http://www.springframework.org/schema/beans
           http://www.springframework.org/schema/beans/spring-beans.xsd
           http://www.springframework.org/schema/context
           http://www.springframework.org/schema/context/spring-context.xsd">
           
    <context:component-scan base-package="novalnet.controllers"/>

	<!-- Cache manager for addon -->

	<alias name="defaultNovalnetoccaddonCacheManager" alias="novalnetoccaddonCacheManager"/>
	<bean id="defaultNovalnetoccaddonCacheManager" class="org.springframework.cache.ehcache.EhCacheCacheManager">
		<property name="cacheManager" ref="novalnetoccaddonEhcache"/>
	</bean>

	<alias name="defaultNovalnetoccaddonEhcache" alias="novalnetoccaddonEhcache"/>
	<bean id="defaultNovalnetoccaddonEhcache" class="de.hybris.platform.webservicescommons.cache.TenantAwareEhCacheManagerFactoryBean">
		<property name="cacheNamePrefix" value="novalnetoccaddonCache_"/>
		<property name="configLocation" value="/WEB-INF/cache/addons/novalnetoccaddon/ehcache.xml"/>
	</bean>

	<bean depends-on="wsCacheManagerList" parent="listMergeDirective">
		<property name="add" ref="novalnetoccaddonCacheManager"/>
	</bean>

</beans>
