<?xml version="1.0" encoding="UTF-8" standalone="no"?>
<!--
 Copyright (c) 2020 SAP SE or an SAP affiliate company. All rights reserved.
--><extensioninfo xmlns:xsi="http://www.w3.org/2001/XMLSchema-instance" xsi:noNamespaceSchemaLocation="extensioninfo.xsd">
        	
    
    <extension abstractclassprefix="Generated" classprefix="Novalnetocc" description="novalnetocc extension" jaloLogicFree="true" managername="NovalnetoccManager" managersuperclass="de.hybris.platform.jalo.extension.Extension" name="novalnetocc">
                		
        
        <!-- you should add all required extensions to this list, except platform extensions which are automatically required -->
                		
        
        <requires-extension name="commercewebservices"/>
        <requires-extension name="acceleratorocc"/>
        <requires-extension name="acceleratorwebservicesaddon"/>
        <requires-extension name="commercefacades"/>
        <requires-extension name="novalnetfacades"/>
        <requires-extension name="miraklfulfilmentprocess"/>
                		
        
        <coremodule generated="true" manager="novalnet.jalo.NovalnetoccManager" packageroot="novalnet"/>
                		
        
        	
    
    </extension>
        

</extensioninfo>
